<?xml version="1.0" encoding="UTF-8"?>
<beans xmlns="http://www.springframework.org/schema/beans"
	xmlns:xsi="http://www.w3.org/2001/XMLSchema-instance"
	xsi:schemaLocation="http://www.springframework.org/schema/beans http://www.springframework.org/schema/beans/spring-beans.xsd">
		
		  <!-- 启动触发器的配置开始 -->  
	    <bean name="startQuertz" lazy-init="false" autowire="no"  
	        class="org.springframework.scheduling.quartz.SchedulerFactoryBean">  
	        <property name="triggers">  
	            <list>  
	            	<!-- 调用quartz-2.x的配置,即调度配置 -->
	                <ref bean="myJobTrigger" /> 
	                 <ref bean="myJobTrigger2" />  
	            </list>  
	        </property>  
	    </bean>  
	    <!-- 启动触发器的配置结束 -->  
	  
	    <!-- 调度的配置开始 -->  
	    <!--  
	        quartz-1.8以前的配置   
	    <bean id="myJobTrigger"  
	        class="org.springframework.scheduling.quartz.CronTriggerBean">  
	        <property name="jobDetail">  
	            <ref bean="myJobDetail" />  
	        </property>  
	        <property name="cronExpression">  
	            <value>0/1 * * * * ?</value>  
	        </property>  
	    </bean>  
	    -->  
	    <!-- quartz-2.x的配置 -->  
	    <bean id="myJobTrigger"  
	        class="org.springframework.scheduling.quartz.CronTriggerFactoryBean">  
	        <property name="jobDetail">  
	            <!-- 调用需要的job -->
	            <ref bean="myJobDetail" />  
	        </property>  
	        <!-- 设置项目启动完延迟多久启动 -->
	       <!--  <property name="startDelay" value="60000"/> -->
	        <property name="cronExpression">  
	        <!-- 配置定时器执行间隔时间，可通过cron表达式生成器生成表达式 -->
	        <value>*/15 * * * * ? </value>
	          <!--   <value>1 52 * * * ?</value>  --> 
	        </property>  
	    </bean> 
	    <bean id="myJobTrigger2"  
	        class="org.springframework.scheduling.quartz.CronTriggerFactoryBean">  
	        <property name="jobDetail">  
	            <!-- 调用需要的job -->
	            <ref bean="myJobDetail2" />  
	        </property>  
	        <property name="cronExpression">  
	        <!-- 配置定时器执行间隔时间，可通过cron表达式生成器生成表达式 -->
	        <value>0 0/1 * * * ? *</value>
	          <!--   <value>1 52 * * * ?</value>  --> 
	        </property>  
	    </bean>  
	    <!-- 调度的配置结束 -->  
	  
	    <!-- job的配置开始 -->  
	    <bean id="myJobDetail"  
	        class="org.springframework.scheduling.quartz.MethodInvokingJobDetailFactoryBean">  
	        <property name="targetObject">
	        	<!-- 调用需要执行方法的bean -->  
	            <ref bean="myJob" />  
	        </property>  
	        <property name="targetMethod">  
	        	<!-- 调用的方法名 -->
	            <value>test</value>  
	        </property>  
	    </bean>
	     <bean id="myJobDetail2"  
	        class="org.springframework.scheduling.quartz.MethodInvokingJobDetailFactoryBean">  
	        <property name="targetObject">
	        	<!-- 调用需要执行方法的bean -->  
	            <ref bean="myJob" />  
	        </property>  
	        <property name="targetMethod">  
	        	<!-- 调用的方法名 -->
	            <value>test2</value>  
	        </property>  
	    </bean>    
	    <!-- job的配置结束 -->  
	    
	    <!-- 工作的bean -->
	    <!-- 配置需要使用定时器的类路径 -->  
	    <bean id="myJob" class="com.xykj.ssm.controller.QuartzController" /> 
</beans>
